video_id,title,channel_id,channel_title,published_at,description,tags,category_id,view_count,like_count,comment_count,duration_seconds,definition,caption,collected_at,niche,subscriber_count,normalised_views,virality_tier
PpC2P2iXYwg,Videoyun - GTA 6 FRAGMANI BUGÜN GELEBİLİR??,UCZU4cLDMHLrjlZxQRDOLu3g,Videoyun Meyhanesi,2026-05-12T12:00:23Z,"Kanala destek olmak için:
https://www.youtube.com/channel/UCZU4cLDMHLrjlZxQRDOLu3g/join

Videoyun, olası GTA 6 fragmanından ve Forza Horizon 6'nın sızması hakkında konuşuyor. Abone olmayı unutmayın!

►KICK - https://kick.com/videoyun

►LOKY MERCH - https://loky.shop/

►TWITCH - https://www.twitch.tv/videoyun

►INSTAGRAM KANALI - https://ig.me/j/AbaLGGkzkmmoFGs5/

►DIGER KANAL - https://bitly.com/videoyun

►YAYIN ARŞİVLERİ - https://bit.ly/voarsiv

►TWITTER - https://twitter.com/batubozkan

►INST",videoyun konuşuyor|videoyun yorumluyor|videoyun izliyor|videoyun|batu bozkan|videoyun twitch|twitch|loky merch|kick|videoyun kick|gta 6 fragman|gta 6 3. fragman|forza horizon 6 crack|forza horizon 6 indir,20,5808,365,41,781,hd,false,2026-05-12T16:07:35.191188,gta6,26500,0.21916154107392175,mid
dF5NEiYZiyI,"GTA 6 Official Details 😱, Trailer 3 on May 15th?, Old Missions Back, Graphics Update | GTA Recap 2",UCLkbzkgGAuucwp0ODXvP99A,mokka gamer sha ,2026-05-09T13:42:21Z,"#gta6leaks#tamil

==============================
New Channels 
==================================================================== 
Marvel payalugada -   / @Marvel_Payalugada
KKR  -    / @kadhakekkareadyah 

Join Mokka gamer sha  -    / @mokka_gamer_sha 

=====================================================================
Social Media
=====================================================================

INSTAGRAM - https://www.instagram.com/mokka_gamer_sha?igsh=MTd0a2Y3amFzNHl0YQ=

Hope you ",,20,4162,322,28,481,hd,false,2026-05-12T16:07:35.191188,gta6,318000,0.013088009157203909,non_viral
pDMOinz0wcA,GTA 6 Trailer 3 Release Date Theory!,UCo6sIbizEsjtN2QYC4vgt6A,CYBER GAMING,2025-10-08T15:17:10Z,"https://www.buymeacoffee.com/cyberboi
https://patreon.com/CyberBoiUK 

SHOW SOME LOVE TO VENOM: https://www.venomuk.com/all-products

DISCORD: https://discord.gg/YYTyW369SM
INSTAGRAM: https://www.instagram.com/cyberboiuk/
TWITTER: https://twitter.com/cyberboiuk
TIKTOK: https://www.tiktok.com/@cyberboiuk 
SOUNDCLOUD: https://soundcloud.com/cyberboiuk
REDDIT: https://www.reddit.com/r/CyberBoiUK/

BIG LOVE TO BAV FOR THE END SCREEN: https://www.youtube.com/user/BoganBav

STREAMING:
Twitch: https://",gta 6|grand theft auto 6|gta6|gta 6 trailer|gta 6 trailer official|gta 6 leak|gta 6 leaks|gta 6 news|gta 6 release date|grand theft auto|gta vi|gta 6 trailer 2|gta 6 new features|cyber boi|gta 6 online|TGG|cyberboi|gta 6 rumors|GTA 6 TRAILER 2|gta 6 pre order date|gta 6 cars|gta 6 facts|gta 6 trailer 2 leak|Gta 6 news|gta 6 features|cyberboi gta 6|gta 6 map|gta 6 map leak|gta 6 hidden details|GTA 6 NEWS|gta 6 latest update|gta 6 update,20,31998,1862,468,246,hd,false,2026-05-12T16:07:37.064963,gta6,60100,0.5324037869586197,mid
_hI4BM2fhcI,Every GTA 6 Activity We Know So Far (Confirmed + Leaks),UCI1-J45WXprOQQ_m9pmfW9A,Hazard,2026-02-16T16:00:51Z,"Every GTA 6 Activity We Know So Far (Confirmed + Leaks) SUBSCRIBE and DROP A LIKE!

In this video I cover Every GTA 6 Activity We Know So Far (Confirmed + Leaks) including GTA 6 activities list from GTA 6 mini games to GTA 6 fishing, GTA 6 hunting, GTA 6 racing, GTA 6 surfing, GTA 6 gambling, GTA 6 scuba diving, GTA 6 jet ski, GTA 6 cage fighting and GTA 6 robberies across the massive GTA 6 open world of Vice City and Leonida. We break down GTA 6 leaks, GTA 6 leaked details, GTA 6 gameplay infor",GTA 6|GTAVI|GTA 6 activities|GTA 6 mini games|GTA 6 fishing|GTA 6 leaks|GTA 6 gameplay|GTA 6 robberies|GTA 6 surfing|GTA 6 hunting|GTA 6 racing|GTA 6 gambling|GTA 6 scuba diving|GTA 6 jet ski|GTA 6 cage fighting|GTA 6 speculation|Rockstar Games|Vice City|Leonida|GTA 6 features|GTA 6 open world|GTA 6 news|GTA 6 trailer 2|GTA 6 breakdown|gta 6 activities list|gta 6 leaks|gta 6 gameplay|hazard gaming|gta 6 leaked|gta 6 details|gta6|gta 6|gta,20,300835,3890,397,830,hd,false,2026-05-12T16:07:35.850815,gta6,633000,0.47525201381988336,mid
BL0UsyEQiUY,The Ultimate GTA 6 Wishlist (Voted by The Community),UC72PuhDwKtZ5MikpGNhPAtA,TGG,2025-10-07T05:23:20Z,"Protect yourself online with ExpressVPN & get an exclusive discount for watching my channel: https://expressvpn.com/tgg

Get a better gaming chair with SecretLab, your body will thank you: https://bit.ly/4nxy4l4

Get 10% off all GamerSupps products with this link (the noodles are really good) - https://gamersupps.gg/tgg

Get Official (Signed by the Voice Actors) GTA 5 Merch: https://tidd.ly/49654es
Get SIGNED merch from GTA voice actors: https://tidd.ly/49654es
My Headset: https://amzn.to/3CJgcB",gta 5|gta online|gta 6|grand theft auto|making money gta|get rich gta,20,390989,16953,1812,1075,hd,false,2026-05-12T16:07:37.063837,gta6,2090000,0.18707598704498227,mid
v7-HJlnijy4,GTA 6 Trailer 3: Everything We Know So Far...,UCdWQcfu5saC10yROVnziiJw,Misteri,2026-05-11T17:27:48Z,"Everything we know so far about GTA 6 Trailer 3, including the latest news, clues, leaks, and Rockstar hints.


👑 Become a Member: https://www.youtube.com/channel/UCdWQcfu5saC10yROVnziiJw/join
🎮 Join the Community on Discord: https://discord.gg/uWYk9Q6RaU


╔═╦╗╔╦╗╔═╦═╦╦╦╦╗╔═╗
║╚╣║║║╚╣╚╣╔╣╔╣║╚╣═╣
╠╗║╚╝║║╠╗║╚╣║║║║║═╣
╚═╩══╩═╩═╩═╩╝╚╩═╩═╝
──────────────────────────────────────────

#GTA6 #GTA6Content #GTA6Leaks #GTAVI #RockstarGames #GTA6Features #GrandTheftAuto6 #ViceCity #GTANews #GTA6Development",gta|grandtheftauto|gtavi|gta6|grandtheftauto6|grandtheftautovi|rockstar|gta6 news|gta 6 updates|gta6 updates|gta 6 leaks,20,46095,1267,311,897,hd,false,2026-05-12T16:07:35.191188,gta6,4830,9.541502794452494,viral
3ug95jkkRgE,GTA 6 Official Gameplay Trailer - 1st Mission,UCbmMXRpsJk9CRq5FBwVRy8A,Capix Gaming,2024-09-22T16:58:58Z,"Gameplay trailer for Grand Theft Auto VI, we unveil the stunning graphics, immersive world, and thrilling action that await players in the newest installment of the legendary franchise. Experience the evolution of the open-world genre as we dive into the expansive environments, dynamic characters, and engaging storylines that define GTA 6. subscribe for more updates, trailers, and exclusive content leading up to the release of Grand Theft Auto VI. GTA 6 is on the horizon! GTA 6 Official Gameplay",gta 6|gta vi|grand theft auto vi|grand theft auto vi official gameplay trailer|gta 6 trailer|gta 6 official gameplay|gta 6 official gameplay trailer|gta 6 1st mission|gta 6 mission 1|gta 6 gameplay|gta 6 new trailer|gta 6 news|gta 6 info|gta 6 gameplay trailer|grand theft auto 6 gameplay trailer|grand theft auto 6 mission 1|gta 6 gameplay mission 1|gta 6 gameplay part 1|gta 6 trailer 2 mission 1,20,862958,7551,445,491,hd,true,2026-05-12T16:07:35.191188,gta6,8210,105.09779563999513,viral
ZLbC6n1F9Gw,Game Theory: GTA 6 Spoiled Its Entire Story In The Trailer (Grand Theft Auto 6),UCo_IB5145EVNcf8hw1Kku7w,The Game Theorists,2023-12-16T19:05:17Z,"Special Thanks to Watcher of Realms for Sponsoring Today's Episode!
Download #WatcherOfRealms on PC and Mobile ► https://bit.ly/TGTwor 
A New Experience Awaits in the December Competitive Event ►  https://bit.ly/WORdec

Did you see the GTA 6 trailer yet? If not you missed out on the BIGGEST release of all time. Shattering records with over 100 million views it soared all across YouTube. Something caught my eye in this trailer though, something that I couldn't stop thinking about that I knew was ",gta 6|gta 6 trailer|grand theft auto|grand theft auto 6|gta 6 game|gta 6 reveal|gta 6 trailer breakdown|gta trailer secrets|gta trailer beakdown|gta 6 story|gta 6 leaks|gta 6 explained|gta 6 trailer reaction|rockstar|rockstar games|rockstar gta|gta 5|gta rp|gta nopixel|grand theft auto 6 trailer reaction|game theory|matpat|gta 6 news|gta 6 map|gta 6 story explained|gta 6 characters|gta news|gta 6 rp|game theorists|gt,20,2081323,96531,4688,1042,hd,true,2026-05-12T16:07:35.849814,gta6,19600000,0.10618994356173757,mid
g73QZa7Fjl8,GTA 6 TRAILER 2 REACTION!!!,UCk1F1Z-lvXf0dQ-lnMgZyHQ,The Mirandalorian,2025-05-06T16:30:16Z,"Thanks for subscribing & liking the video!

And thank you to all the channel members for all of your support!        

-----------------------------------------------------------------------------------------------------------------------
Support only if you WANT to...  YouTube content will always be free!

Throne Gifts: https://thronegifts.com/u/themirandalorian
Meme-berships: https://www.youtube.com/themirandalorian/join

------------------------------------------------------------------------",themirandalorian|gta 6 trailer|gta 6 trailer 2|gta 6 leaked gameplay|gta 6 leaks|gta 6 trailer reaction|gta 6 trailer 2 reaction|gta 6 gameplay|gta 6 release date|gta 6 trailer 1|gta 6 delayed|gta 6 official trailer|gta 6 news|gta 6 map|gta 6 trailer 2 rockstar|gta 6 trailer 2 breakdown|gta 6 trailer 2 release date|gta 6 trailer 2 leak|gta 6 trailer 2 official|gta vi|grand theft auto|grand theft auto 6|grand theft auto san andreas,20,218652,10185,718,269,hd,false,2026-05-12T16:07:36.454993,gta6,195000,1.1212865575048334,viral
fSDjxjSohRM,GTA 6 Trailer 3 Could Trigger Rockstar’s Entire Marketing Plan,UCAXvBOa6vJIXQ5xc-w0_DUg,Mr STUD SUJEET,2026-02-15T14:32:00Z,"GTA 6 Trailer 3 Could Trigger Rockstar’s Entire Marketing Plan | GTA 6 Marketing Will Explode After This Date | The Real GTA 6 Timeline Rockstar Doesn’t Want You to Notice | GTA 6 Trailer 3 News and Updates | GTA 6 Trailer 3 Release Date

Rockstar Games has been completely quiet about GTA 6. However, the marketing timeline is starting to make sense. By looking at Rockstar’s past release strategy and the timeline for RDR 2, we can see when the marketing for GTA 6 will officially start and why Tra",GTA 6 Trailer 3 Could Trigger Rockstar’s Entire Marketing Plan|GTA 6 Trailer 3|GTA 6 News and Updates|GTA 6 News|GTA 6 Trailer 3 Release Date|GTA 6 Trailers|GTA 6 Map|GTA 6 Vice City|GTA 6 Leonida|GTA 6 Details|GTA 6 Breakdown|GTA 6 Marketing|GTA 6 Timline|GTA 6 Lucia|GTA 6 Jason|GTA 6 Leaks|GTA 6|GTA VI|GTA SIX|GTA|Lucia Caminos|Jason Duval|Rockstar Games|Mr STUD SUJEET|STUD SUJEET GTA 6,20,4320,258,105,390,hd,false,2026-05-12T16:07:36.454993,gta6,24700,0.1748917047892798,mid
ipIXq9VlgFE,GTA 6's Economy Will Be NOTHING Like GTA 5,UC3KMLo09dvzTUoA2iLrRxNg,Dandy Andy,2026-04-06T13:01:16Z,"How deep are we going exactly with Rockstar's new money system for GTA 6? What exactly do I mean by ""money system""? Why did I have to ask that bartender out years ago when her husband ended up sitting right next to me?

These are SERIOUS questions.

It seems Rockstar has built an entire economic foundation and we only have a glimpse at how deep it goes.

So, while there is not a lot to go off of, this is as good of a breakdown as you're going to get on what GTA 6's economy might look like. So be",gta 6|grand theft auto 6|gta 6 gameplay|gta 6 economy|gta 6 money|gta 6 businesses|gta 6 robbery|gta 6 money laundering|gta 6 duffel bag|gta 6 single player|gta 6 trailer 2|gta 6 trailer 2 breakdown|gta 6 2022 leak|gta 6 leak analysis|gta 6 deep dive|gta 6 analysis|gta 6 everything we know|gta 6 rockstar games|gta 6 jason lucia|gta 6 leonida|gta 6 news 2026|gta 6 release date|dandy andy plays|dandy andy gta 6|gta vi|gta 6 trailer,20,191162,5043,488,1100,hd,false,2026-05-12T16:07:35.850815,gta6,34300,5.573073671321536,viral
x_PjRBsJJ7o,GTA 6 - Trailer 3 News + More (Q&A),UCVXv-s3F4oQ9t1ui88j9FQg,GTA6Videos,2025-12-25T14:30:55Z,"Here are Your Questions Answered on GTA 6 Trailer 3, Features, Leaks and More...

---------------------------------------------------------------------------------------------
Get to know more about the game:

- GTA VI File Doc = https://drive.google.com/file/d/1usHpd-r-dllDIlMj6rBWxCCLwy4SgRyM/view

- GTA VI Mapping Project = https://vimap.saamexe.com/map

---------------------------------------------------------------------------------------------

Leave a Rating if you enjoyed!

Send a song y",gta 6|gta 6 trailer 3|gta 6 new trailer|gta 6 new leak|gta 6 leak|gta 6 gameplay|gta 6 footage|gta 6 leaks|gta 6 leaked footage|gta 6 90 minute leak|gta 6 pre alpha|gta 6 detai;s|gta 6 news|gta 6 ai|gta 6 information|ps5 gta 6|gta 6 details|when will gta 6 trailer 3 come out|how to play gta 6 early|gta 6 delay|gta vi|gta vi leaked gameplay|gta 6 graphics|gta 6 videos|gta6videos|tgg|cyberboi uk|gta 6 new update,20,12776,340,29,263,hd,false,2026-05-12T16:07:37.064963,gta6,319000,0.04005003119112479,non_viral
UHwzH8lbDkI,NEW GTA 6 Trailer's WILD New Details | Michael Knowles,UCr4kgAUTFkGIwlWSodg43QA,Michael Knowles,2025-05-06T20:04:52Z,"ExpressVPN - Go to https://expressvpn.com/michaelknowlesshow and find out how you can get 4 months of ExpressVPN free!

We may not be getting the game until Elon Musk puts a man on Mars, but a new trailer for Grand Theft Auto VI dropped. If I were a teenager, I would be tempted to play.

Only DailyWire+ members can watch the full episodes of my podcast. Join here: https://bit.ly/4biDlri

LIKE & SUBSCRIBE for new videos every day. https://www.youtube.com/@MichaelKnowles?sub_confirmation=1

Watch ",gta 6 trailer reaction|reaction|reactions|gta 6 reaction|grand theft auto 6 reaction|gta 6 reveal|gta 6 release date|ps5 reaction|gta reaction|grand theft auto 6 trailer reaction|gta 6 leak|reaction video|gta 6 official reveal trailer reaction|gta 6 leaks|gta 6 trailer reaccion|reaction videos|ps5 reactions|ps5 event reaction|summit1g reaction|music reactions|gta 6 release|gta trailer reaction|reacting|gta vi trailer reaction|grand theft auto,25,156011,6222,1118,452,hd,false,2026-05-12T16:07:35.849814,gta6,2590000,0.06023588407880923,non_viral
1VhRLHMlJVI,"GTA 6 JUST GOT A HUGE UPDATE...NO MORE DELAYS, TRAILER 3 IN SUMMER 2026, PHYSICAL RELEASE & MORE!",UC0PMQXAwF6O6aeTpv962miA,MrBossFTW,2026-02-03T22:08:39Z,"In today’s Grand Theft Auto 6 video – GTA 6 JUST GOT A HUGE UPDATE...NO MORE DELAYS, TRAILER 3 IN SUMMER 2026, PHYSICAL RELEASE & MORE!

►My Facebook: 
https://www.facebook.com/MrBossFTW
►My Snapchat:
https://www.snapchat.com/add/MrBossSnaps
►My Twitter: 
https://twitter.com/#!/mrbossftw
►My Instagram:
http://instagram.com/jamesrosshudgins

Hope you enjoyed this video! See you guys in the next one! ✌🏻

Business Inquiries: MrBossFTWBusiness@gmail.com",,20,25578,985,136,487,hd,false,2026-05-12T16:07:37.063837,gta6,3190000,0.008018179304645986,non_viral
Qq25sDUsLHg,THE GTA 6 TRAILER JUST DROPPED,UCtMVHI3AJD4Qk4hcbZnI9ZQ,SomeOrdinaryGamers,2023-12-05T01:28:00Z,"Check out the GTA 6 Trailer: https://youtu.be/QdBZY2fkU-0?si=Uy9zAtR8O3qWoCM0

Hello guys and gals, it's me Mutahar again! This time we take a look at Grand Theft Auto VI by Rockstar Games which has finally been officially announced and the trailer shown. It's exactly what I expected and 2025 couldn't come sooner. Thanks for watching!
Like, Comment and Subscribe for more videos!

Check out the newest podcast episode: https://youtu.be/LhCDcYyQfBc",,20,660835,48714,4174,410,hd,false,2026-05-12T16:07:35.191188,gta6,3820000,0.17299341021114917,mid
oP-X1qOpekM,GTA 6 !!!!!!!!! CONTEÚDO NOVO JÁ ESTÁ NO SITE DA ROCKSTAR E VEM TRAILER 3 !!!!!!!!!!!!,UCZOp6ge_Bp2HT7kkwEFmhnw,zevicttt,2026-05-12T12:03:19Z,"LINK DO SITE PARA FAZER A ASSINATURA E COMPRAR JOGOS BARATOS https://www.catalogogames.com.br/assinatura-gamer-trimestral-com-lancamentos
ASSINE TAMBÉM PELO WPP ATRAVÉS DO NÚMERO : 63 98410-1431
-------------------------------------------
LINK DO SITE REI DOS COINS : https://www.reidoscoins.com.br",,20,9434,871,152,380,hd,false,2026-05-12T16:07:35.191188,gta6,274000,0.0344305312754333,non_viral
ZB9o4XnLbFc,I CANNOT. BELIEVE. MY EYES.| GTA 6 TRAILER REACTION,UCcLqYr4hE7yniudSaZVmFSA,Jettro Jettro,2023-12-05T02:50:32Z,"I'M SO FREAKIN HYPED 



































































































































#gta6 #gta5 #gta #gtaonline #grandtheftauto #grandtheftauto5 #grandtheftautov #gaming #gameplay #trailer #reaction #reveal #reactionvideo",gta6|grand theft auto 6|gta5|grand theft auto 5|gta|grand theft auto|reveal|reaction|trailer|reveal trailer|gameplay|playthrough|coryxkenshin|jettro jettro,20,161553,9402,658,381,hd,false,2026-05-12T16:07:35.849814,gta6,285000,0.566850642629324,mid
nH8NGiEytoQ,GTA VI: Trailer 3 Would Change EVERYTHING!,UC7sEg9Mx7uLPxd9uMYffz8A,Firegamer Series,2026-03-15T21:42:32Z,"Today we break down everything we know about GTA 6 Trailer 3, GTA 6 pre-orders, and when Rockstar Games may start the next wave of GTA 6 marketing and updates.

🎁GG Market: (Code ""FIREGAMER15"" - 15% Off)
👉https://ggmarket.net/

📢Need help? Join Their Discord:
👉 https://discord.gg/8GaxC7xAEN

🎨Need viral video editing or a custom website?
👉https://www.behance.net/arsengraphics
Contact: arsengraphics@gmail.com

🔌Join My Discord Community:
👉https://discord.gg/aZ8VgymkgC

🎮Check Out My Other Channel",gta 6|gta vi|GTA 6 Trailer 3|GTA 6 new trailer|GTA 6 teaser|GTA VI Trailer 3|GTA 6 pre-order|gta 6 pre order|gta 6 pre orders|gta vi pre order|gta vi pre orders|when is gta 6 trailer 3|trailer 3 gta 6|GTA VI pre-order|grand theft auto vi trailer 3,20,6962,157,55,578,hd,false,2026-05-12T16:07:36.454993,gta6,2650,2.626178800452659,viral
ofMmeKYPmjs,NEW: GTA 6 Trailer 3 & Price Just LEAKED!,UC7sEg9Mx7uLPxd9uMYffz8A,Firegamer Series,2026-04-10T18:10:29Z,"GTA 6 latest updates covering Trailer 3, price details, and PC release news in one video!

🎁Visit Senior Unlocks (Code ""FIRE"" - 5% Off)
👉https://seniorunlocks.com

🎨Need viral video editing or a custom website?
👉https://www.behance.net/arsengraphics
Contact: arsengraphics@gmail.com

🔌Join My Discord Community:
👉https://discord.gg/aZ8VgymkgC

🎮Check Out My Other Channels:
👉https://linktr.ee/FiregamerYTChannels

🔻Follow My Socials:
🐦Twitter: _Firegameryt
📷Instagram: _firegameryt

#gta6 #gta6leaks ",gta 6|gta 6 leaks|gta 6 online|gta 6 online leaks|gta vi|GTA 6 Trailer 3|GTA 6 new trailer|GTA 6 teaser|GTA VI Trailer 3|GTA 6 pre-order|gta 6 pre order|gta 6 pre orders|gta vi pre order|gta vi pre orders|when is gta 6 trailer 3|trailer 3 gta 6|GTA VI pre-order|grand theft auto vi trailer 3,20,6690,139,39,508,hd,false,2026-05-12T16:07:35.850815,gta6,2650,2.5235760090531874,viral
vjhKzvhW-fc,GTA4 vs. GTA5 vs. GTA6 | FIRST TRAILERS,UCrijhLaBO1JGFzdxVzdVsEg,PlayGround,2023-12-05T16:08:17Z,"GTA4 vs. GTA5 vs. GTA6 | FIRST TRAILERS
In this video I compare the very first trailers of Grand Theft Auto IV, V and VI! 

Please Support PlayGround! Every supporter get my program!
https://www.patreon.com/PlayGround
______________________________
My PC:
CPU: i7 8700K 4.7 GHz
RAM: 32 GB DDR4 3200 MHz
VGA: RTX 2080 Ti 11GB
______________________________
Credit: Rockstar Games
______________________________
Video Chapters:
0:00 GTA IV First Trailer
1:07 GTA V First Trailer
2:36 GTA VI First Trail",gta 4 vs gta 5 vs gta 6|gta4 vs gta5 vs gta6|gta 6 first trailer|gta 5 first trailer|gta 4 first trailer|gta vi|gta v|gta iv|first trailers|grand theft auto|grand theft auto trailers|gta trailers|gta trailer comparison|gta 6 trailer comparison|evolution of gta trailers|gta trailers evolution|evolution of gta|gta evolution|best gta trailer|michael|niko|lucia|jason|rockstar trailers|gta 6 hype|grand theft auto vi|grand theft auto 6|gta 6 logo|woman,20,2708507,51356,3555,309,hd,false,2026-05-12T16:07:35.849814,gta6,235000,11.525512657392948,viral
HEOnyIw2nb8,JJ and Mikey Survive on MOB CHUNK in Minecraft...,UCJbbYCOu7LU2MoFpJKtNK1Q,Mikey Maizen - Minecraft,2026-04-14T13:00:37Z,"JJ and Mikey Survive on MOB CHUNK in Minecraft...

This video is an unofficial work and is neither created nor approved by Maizen Sisters.

Maizen -   @maizenofficial  

Thanks for watching, I hope you will enjoy my videos!

This Minecraft content is original entertainment developed from scratch by a professional studio employing over 20 specialists. All creative elements — from plot and dialogue to level construction and story architecture — are proprietary and internally produced. Recognizable",minecraft|maizen|animation|jj|mikey|マインクラフト|まいぜん|まいぜんシスターズ|ぜんいち|マイッキー|アニメーション|マイクラ|マイクラアニメ|jj and mikey|maizen battle|jj and mikey battle|maizen prank|jj and mikey prank|one block|one block battle|maizen block battle|jj and mikey block battle|chunk|chunk battle,20,292016,1573,24,963,hd,false,2026-05-12T16:07:22.915697,minecraft,345000,0.8464207350123623,mid
Ls0Hwgnmd6c,I Fooled My Friend as Herobrine in Minecraft.,UCJHBJ7F-nAIlMGolm0Hu4vg,Maizen,2025-04-28T11:00:38Z,"Today, we're gonna pull a prank on Mikey! Banana Kid will disguise himself as Herobrine, and try to spook Mikey into giving up his quest to defeat the Ender Dragon! Will Mikey be brave enough to see his quest through to the end? 

We hope you enjoy our videos! Have a great day! 

Maizen Merchandise ► https://shop-maizen.myspreadshop.com/",Minecraft|Maizen,20,6637186,31517,1295,955,hd,false,2026-05-12T16:07:23.467173,minecraft,16800000,0.3950705717219898,mid
XwsHVF4oG78,JJ and Mikey Build SUPER MEGA TREEHOUSE in Minecraft - Maizen,UCIVMwNQ7844mZsjioykzoSQ,Maikey Minecraft,2026-04-16T11:04:17Z,"#maizen #minecraftvideos #jjandmikey
JJ and Mikey Build SUPER MEGA TREEHOUSE in Minecraft - Maizen

Love Minecraft? Like and subscribe now to catch all of JJ and Mikey's adventures!
Maizen Channel: @maizenofficial",minecraft|maizen|maizen minecraft|minecraft maizen|jj and mikey|mikey and jj|maizen videos|rich vs poor|rich vs poor minecraft|maizen house|maizen jj vs mikey|jj maizen|mikey maizen|minecraft videos|jj and mikey build treehouse|jj and mikey treehouse|super mega treehouse|jj vs mikey treehouse|poor treehouse vs tich treehouse,22,1579407,22002,1669,996,hd,false,2026-05-12T16:07:22.342847,minecraft,23500,67.20594868303476,viral
PRsgv2EgpgI,"Minecraft But, I make ARMOR of ANY BLOCK...",UCJS4UHGP6Q3BI-0ZIGrGXgw,Junkeyy,2026-05-03T13:07:22Z,"Yo guyss, in this video I can make Armor from Any Block in Minecraft~!🔥From Dirt Armor to Avaritia Armor~!⚡️

Like Aim: 9,500 Likes

⏺️Instagram🔽
https://www.instagram.com/junkeyy05/

#minecraft #minecrafthindi #junkeyy",minecraft but i can make armor from any block|i can armor from any block|minecraft but|minecraft hindi|minecraft funny|junkeyy,20,1707893,24162,1494,1056,hd,false,2026-05-12T16:07:23.473200,minecraft,3230000,0.528759279021895,mid
NZb_IcyacS4,Alpha And Rich Villager: DEVIL vs ANGEL STAIRCASE BATTLE In Minecraft,UCQVfy3QRi9zM7hp1m6ECKcg,AlphaExtra,2026-02-14T07:30:39Z,"Alpha And Rich Villager: DEVIL vs ANGEL STAIRCASE BATTLE In Minecraft

Share, Support, Subscribe!!!
📷Instagram: https://www.instagram.com/mralpha13_/
Join Discord: https://discord.com/invite/nUuaWxPgpW

Subscribe My Other Youtube Channels!!!
❤️ AlphaXD: https://www.youtube.com/@AlphaXD2005

For Business Enquiry!!!
📧mralpha13official@gmail.com

  #minecraft #mralpha #gaming",solar smash|AlphaExtra|Alphaextra minecraft|minecraft|minecraft scary|roblox|trolling|minecraft scary myths|scary|MrAlpha|Mralpha|MrAlpha13|solar smash game|scary myths|Eystreem|roleplay|funny|secret|hidden|minecraft phone|minecraft bedrock edition|solving minecraft mysteries|solving minecraft myths|scary minecraft myths|scary minecraft mysteries|scary minecraft seeds|scary minecraft stories|minecraft ancient gods|mralpha13|proboize95|dark minecraft mystery,22,969569,7347,1219,1152,hd,false,2026-05-12T16:07:24.012579,minecraft,765000,1.2674088007728095,mid
4Nb_99QFf-4,Evolving From Human to Ben10 Aliens in Minecraft..,UClqifC6Nd7v-IfTqce4k62A,Carry Depie,2025-03-20T11:28:40Z,"in this video i am becoming aliens in miencraft..

follow marlo :-  https://www.instagram.com/carrydepie?igsh=MWljaWl6aHpqcnVyaQ==
email - carrydepiebusiness@gmail.com

#minecraft #carrydepie",minecraft|bedrock|minecraft villager troll|villager troll mine|minecraft trolling video|Minecraft|Minecraft gameplay|Minecraft roleplay|Minecraft mods|minecraft house|Minecraft trolling|Minecraft stealing|Minecraft trolling in|Minecraft tricking|Minecraft diamonds|Minecraft illegal|carry depie|jethiya|bagha|carrydp|carry depie minecraft|build competiton|wishing well|ben10,20,3589556,24532,1225,927,hd,false,2026-05-12T16:07:23.473200,minecraft,4200000,0.8546559869866698,mid
1nviig8HFuE,Carry vs Doorbin Upgrade the House Battle in Minecraft !,UClqifC6Nd7v-IfTqce4k62A,Carry Depie,2026-01-13T12:03:05Z,"in this video we are upgrading house from dirt to diamond in minecraft..


#minecraft 
#carrydepie",carry depie|minecraft,20,3433666,24929,945,1064,hd,false,2026-05-12T16:07:23.473200,minecraft,4200000,0.8175393291573025,mid
_6i5Q10vOcs,MINECRAFT VIRAL MEME COMPILATION COLDEST MOMENT EVER 🥶|,UCgLB--yryImZBf7KPf86rOQ,YSP Gamer Boy,2026-05-07T11:29:13Z,"MINECRAFT VIRAL MEME COMPILATION COLDEST MOMENT EVER 🥶|

( CREDIT )
@AidenEchoYT
@Power_Studios
@HI-Ignitius
@Lexion-yt
@ZyrroXD
@OriginVD
@ZetrixAZ
@aisteveshort
@OmanXD
@AaizG
@Upper_gaming
@HamoodeG
@bread-TR_YT
@MezoMC
@Nqisik
@nAhhh
@madapgaming
@Incendius 
@AxenMc1
@FangX-w9d
@Yamiro-yt


This Minecraft Viral Meme Compilation is packed with the COLDEST moments ever 🥶🔥
From funny fails to insane clutches, this video will blow your mind!

If you love Minecraft memes, funny moments, cursed cl",MINECRAFT VIRAL MEME COMPILATION COLDEST MOMENT EVER 🥶||minecraft|minecraft viral|minecraft memes|minecraft meme compilation|minecraft viral meme|minecraft coldest moment|minecraft cold moments|minecraft trending|minecraft edits|minecraft shorts viral|minecraft funniest memes,20,338481,4697,121,421,hd,false,2026-05-12T16:07:22.343654,minecraft,4950,68.36618864875783,viral
1To5x_fzNZs,POLICE vs MILITARY: Survival Battle in Minecraft,UC_NqVr5AA1vziN0ZLR-QiLw,Milo and Chip,2026-04-25T23:00:04Z,"POLICE vs MILITARY: Ultimate Base Defense! 👮 🎖️ Will our custom tanks and siren blasters be enough to stop the Mutant Creeper?

✅ HOW TO PLAY MINECRAFT WITH CHIP AND MILO
1. Open Minecraft
2. Click ""Play""
3. Click the ""Servers"" tab
4. Click ""Add Server"" 
5. Type in the IP: play.eyserver.com
6. Type in the Port: 19132
7. Click ""Join""
You can join this server on Bedrock Edition (Phones, Consoles and Tablets) and Java Edition (PC and Mac)

#minecraft #minecraftbuild #miloandchip",milo|chip|milo and chip|chip and milo|minecraft|minecraft mod|cash|nico|nico and cash|cash and nico|checkpoint|kory|omz|mia|maizen|noob vs pro|minecraft build|POLICE vs MILITARY: Survival Battle in Minecraft|noob vs pro minecraft|minecraft police|joining the army in minecraft|milo and chip minecraft|chip and milo roblox|milo minecraft|minecraft challenge|funny minecraft moments|military vs aliens,20,1127662,1250,144,909,hd,false,2026-05-12T16:07:22.342847,minecraft,3880000,0.2906344611766853,mid
XKQU1eOZ4Is,MINECRAFT VIRAL MEME COMPILATION COLDEST MOMENT EVER 🥶|,UCbnWwkNw6kS_h3gIH2J2YGQ,YSP GAMER XD,2026-03-24T16:04:32Z,"MINECRAFT VIRAL MEME COMPILATION COLDEST MOMENT EVER 🥶|

( CREDIT )
@AidenEchoYT
@Power_Studios
@HI-Ignitius
@Lexion-yt
@ZyrroXD
@OriginVD
@ZetrixAZ
@aisteveshort
@OmanXD
@AaizG
@Upper_gaming
@Fuxion-yt
@HamoodeG
@bread-TR_YT
@MezoMC
@Nqisik
@nAhhh
@madapgaming

This Minecraft Viral Meme Compilation is packed with the COLDEST moments ever 🥶🔥
From funny fails to insane clutches, this video will blow your mind!

If you love Minecraft memes, funny moments, cursed clips & viral gameplay — this video",MINECRAFT VIRAL MEME COMPILATION COLDEST MOMENT EVER 🥶||minecraft|minecraft viral|minecraft memes|minecraft meme compilation|minecraft viral meme|minecraft coldest moment|minecraft cold moments|minecraft trending|minecraft edits|minecraft shorts viral|minecraft funniest memes,20,421166,7279,138,420,hd,false,2026-05-12T16:07:24.012579,minecraft,25600,16.451154251787038,viral
cM9Cnc-VXJY,MINECRAFT BUT ISLAND CHANGES EVERY MINUTE !!!,UCW3Ms3ZxVaZUniP-HifWCDg,Karry Kraft,2026-01-08T13:34:57Z,"in this video i am surviving one chunk island in minecraft..

#minecraft 
#karrykraft",carry depie|minecraft,20,1963189,15244,483,697,hd,false,2026-05-12T16:07:24.012579,minecraft,1290000,1.521850758255226,viral
D_InNOiffSE,POOR vs RICH TREEHOUSE Challenge in Minecraft!.,UC5n_8kS0RFIKuCsPoUCVd8A,R2 Habib,2026-05-12T08:00:14Z,"POOR vs RICH TREEHOUSE Challenge in Minecraft!.
___________________
___________________
About The Video:
Minecraft but poor vs rich tree house ,treehouse Challenge in minecraft  , minecraft bangla
___________________
___________________

Business mail : alhabibmd74@gmail.com

⚠ Disclaimer:
[Copyright Disclaimer: - Under section 107 of the copyright Act 1976, allowance is mad for FAIR USE for purpose such a as criticism, comment, news reporting, teaching, scholarship and research. Fair use is a u",Minecraft bangla|bangla minecraft|minecraft|R2 habib|poor vs rich treehouse in Minecraft|minecraft civilization|minecraft mods|minecraft gameplay|minecraft roleplay|minecraft house|minecraft trolling|minecraft stealing|minecraft tricking|minecraft diamonds|minecraft illegal|minecraft trolling video|minecraft villager troll|mining civilization|beating minecraft|solving minecraft mysteries|carry depie|100 days minecraft|minecraft in bangla|minecraft pe,20,28444,1213,57,955,hd,false,2026-05-12T16:07:22.342847,minecraft,225000,0.1264172159234848,non_viral
gLpnrVqLLys,i Mined Mountain of Diamonds In MINECRAFT,UCxm-rmArnUkNc-Lpf5s6X8g,AdiSpot,2026-05-08T07:30:31Z,"i Mined Mountain of Diamonds In MINECRAFT



My Second Channel  
https://www.youtube.com/@BlazzyXD


Experience Premium High Performance Minecraft Servers & Hosting with GBNodes, 
including their top-tier services in India:
https://gbnodes.host/
▬▬▬▬▬▬▬▬▬▬▬▬▬
Social Media :

Follow karlo jaldi sai :)
https://www.instagram.com/adispotxd/

Disocrd 
https://discord.gg/adispot


▬▬▬▬▬▬▬▬▬▬▬▬▬

Copyright Disclaimer under section 107 of the Copyright Act 1976, allowance is made for ""fair use"" for purp",Adispot|Adi-Spot|adispot|adispoot|minecrft funny video|minecraft trolling|minecraft brother troll video|minecraft villager video|i Mined Mountain of Diamonds In MINECRAFT,20,275395,3181,181,1107,hd,true,2026-05-12T16:07:22.915697,minecraft,2110000,0.13051889548867512,non_viral
qn2iECzLwlQ,I JOINED THE DEADLIEST SWIMMING COMPETITION IN MINECRAFT!!,UCtNxjL-8WeFZ6LbfrOYgNoQ,Dash Empire,2026-04-30T11:44:02Z,"INSTAGRAM - https://www.instagram.com/official_dashempire/?igshid=MzRlODBiNWFlZA%3D%3D

NEW CHANNEL - https://www.youtube.com/channel/UCxfaG5_t8lHZlrseYz4_COg
MOD LINK - https://www.curseforge.com/minecraft/mc-mods/crazyvillagers-forge

Follow us on -
DISCORD - https://discord.gg/SxDBH7zFAn
For Businesses - dashempireofficial@gmail.com

enjoy 🙂",,20,297768,3326,196,1028,hd,false,2026-05-12T16:07:22.915697,minecraft,2280000,0.13059994271932338,non_viral
xyyt2MTdHJA,We Found Longest Scary GIANT STAIRS in Minecraft!,UCSgkg1FWPfL7blqg0Juw6Dw,RaHul iS liT,2026-04-18T07:00:52Z,"We Found A Scary Buried Giant's Body in Minecraft!

We Found Longest Scary GIANT STAIRS in Minecraft!

2nd Channel : @rahulcraft03  

[ SOCIAL ]
Discord : https://discord.gg/nEZ62rDPYw
Instagram : https://www.instagram.com/rahulislit/
Twitter : https://twitter.com/RahulisLit?t=d7dUdmanGBy30d9_eslAQQ&s=09 (edited)",minecraft|We Found Longest Scary GIANT STAIRS in Minecraft!|We Found A Scary Buried Giant's Body in Minecraft!|longest stairs|gaint stairs|Longest Scary GIANT STAIRS in Minecraft|Found Longest Scary Bridge Worms Tunnel|We Found a GIANT SCARY LADDER in Minecraft…|Found GIANT Scary Ladder|GIANT STAIRS in Minecraft|scary villager|We Found Scary Giant DOORBIN Buried in Minecraft!|We Found the Giant Grave of DOORBIN in Minecraft!|dashempire|carrydepie|adispot|rahul is lit,20,276969,1747,98,997,hd,false,2026-05-12T16:07:23.467173,minecraft,1200000,0.23080730766057694,mid
ORU0ROkvwmg,WE FOUND THE LONGEST TNT TUNNEL  in Minecraft (Tagalog),UC89yB-wIAc8kPJEDwDcv9hw,Kobbi TV,2026-05-01T02:00:18Z,"#minecraftgameplay#tagalog #lodicraft 
Maizen Parody - Nico Parody - Funny Mob Battle - TapL Parody - Aphmau RP Parody - Cash Parody - Bionic Parody - EYstreem Parody

WATCH NYO DIN SILA 🡇
pepesan habitat olip astraeaa micole azen esoni clyde shannel vic kat jeyjey kimmie jungkurt moira jeeek namnam etutz Deeek Zebiii Motong Ace TV Huajow Plays 

MINECRAFT TAGALOG
LODI ISLAND
LODICRAFT
Minecraft,
Minecraft Pocket Edition,
Minecraft Bedrock,
Minecraft Tagalog,
Oneblock,
Minecraft but,
Minecraft P",,22,75083,955,162,979,hd,false,2026-05-12T16:07:22.343995,minecraft,112000,0.6703779430540798,mid
XVmVCU_zY0Y,Shape Your World: Minecraft meets Art,UC1sELGmy5jp5fQUugmuYlXQ,Minecraft,2024-05-26T15:00:26Z,"For over 15 years, Minecraft has been a grand and inspiring place, with every individual's journey a unique one.
To celebrate how Minecraft has been shaping all of these world, we put our blocks to the test and connected with  artists from across the world, to see what happens when they inject Minecraft into their creative processes.

Watch along to see what happened! #shapeyourworld 

Learn more at https://minecraft.net/article/art-shaped-minecraft",Minecraft|Art,20,240015,9794,587,594,hd,true,2026-05-12T16:07:23.467173,minecraft,19200000,0.012500780598917677,non_viral
_2jkon0w2zE,Testing Scary Ocean Myths That Are Unsolved…,UCJZam2u1G0syq3kyqrCXrNw,PrestonPlayz,2026-04-25T14:15:04Z,"We all know scary myths aren’t actually real haha. Our goal is to create exciting and super entertaining stories to make your day better :)  Have a blessed day! 


❇️Need new glasses? Check out our partner Zenni Optical: https://preston.gg/ZenniPlayz
For 10% off your purchase at checkout use code: PRESTON10

❇️ SUBSCRIBE - https://preston.gg/subscribeplayz
👕 FIRE MERCH - https://preston.gg/FireMerchPlayz

👀 FOLLOW ME HERE!
☛ TikTok -  https://preston.gg/TikTokPlayz
☛ Instagram -  https://preston",minecraft|preston|brianna|gaming|funny|ssundee|unspeakable|mrbeast|aphmau|canman|lankybox|cash minecraft|nico mc|stokestwins|gametoons|maizen|eyestreem,20,1839243,30506,1316,1179,hd,false,2026-05-12T16:07:22.342847,minecraft,17400000,0.10570361461473479,non_viral
vBnjF9wPyDY,Using SECRET Rooms to STEAL My Friend's House..,UClqifC6Nd7v-IfTqce4k62A,Carry Depie,2026-02-14T09:16:27Z,"in this video we are stealing noobdy base ..

#minecraft 
#carrydepie",carry depie|minecraft,20,2314958,18710,842,830,hd,false,2026-05-12T16:07:23.473200,minecraft,4200000,0.5511803449570607,mid
a8_h9f2LNrQ,JJ and Mikey In STRANGE CHUNK BATTLE...,UCWqlr0TNvdFl7sv6zHR8IvA,Maizen - Minecraft Family,2026-04-15T07:00:00Z,"JJ and Mikey In STRANGE CHUNK BATTLE...

#minecraft  #maizen 

This video is original entertainment content for Minecraft players, produced by a professional studio team of 20+ specialists. All scenarios, dialogue, level design, and narrative structure are created in-house from scratch.

Recognizable characters, when present, are recontextualized within wholly original storylines and serve as familiar visual anchors for the audience — a standard practice across modern media, from graphic novels ",mikey and jj|jj and mikey|zenichi|maizen sisters|Maizen|mikey|jj|maizen minecraft|jj and mikey minecraft|jj vs mikey|maizen family|jj and mikey family|maizen prank|maizen battle|jj and mikey battle|base battle|house battle|poor vs rich|maizen poor vs rich|jj and mikey poor vs rich|minecraft poor vs rich|skyblock|maizen skyblock|jj and mikey skyblock|elemental|elemental skyblock|maizen elemental|jj and mikey elemental,20,584153,2561,58,963,hd,false,2026-05-12T16:07:22.915697,minecraft,226000,2.584736350724112,viral
zniikXNIIpE,*HANDCAM* This Is Why I'm The BEST Radiant on Console Valorant..,UCvFZ9uaIMy2B-3fU3IxWRCA,lunly,2026-04-12T14:30:50Z,"FULL GAME NEXT VIDEO

https://www.twitch.tv/lunlyalex 

I'm now Officially Partnered with SCUF thank you to all who supports me and watches my videos.
USE CODE ""LUNLY"" AT CHECKOUT: https://scufgaming.sjv.io/lunly

JOIN MY DISCORD: https://discord.gg/VwQrcqzdRD

Subscribe for more Console Valorant Content ily

If you enjoyed, then be sure to leave a ""Like"" and Subscribe

If you'd like to buy the controller I use here is my link:
(Scuf Instinct Pro) USE CODE ""LUNLY""
https://scufgaming.sjv.io/lunly",,20,24883,573,82,666,hd,false,2026-05-12T16:07:28.964034,valorant,77000,0.32315164738120283,mid
bmFcX9D_Eh8,How a RADIANT smurfs in GOLD Lobbies | VALORANT,UCTdoDto-462URH6xbjPbNjg,staim,2024-12-14T13:10:56Z,"#staim 
#valorant 
#valorantclips 
#valoranthighlights 
#valorantmontage 
#aimbot
#valorantgold 
#valorantreaction 
#valorantsmurf",balik|valorant|valorantclips|valoranthighlights|valorantmontage|aimbot,20,317174,6067,718,696,hd,false,2026-05-12T16:07:28.371653,valorant,2700,117.42835986671604,viral
8cKnsC2lOcI,Satisfying Aim + 0.19 1600dpi = Immortal,UCKeVxi9ezkyp3mbuHjR4KSw,Narwax,2025-07-02T22:29:34Z,"""Satisfying Aim + 0.19 1600dpi = Immortal""

» Crosshairs «
1) 0;c;1;P;u;000000FF;h;0;f;0;0l;4;0v;4;0o;0;0a;1;0f;0;1b;0
2) 0;c;1;P;c;7;o;1;f;0;0t;1;0l;3;0a;1;0f;0;1b;0
3) 0;c;1;P;d;1;f;0;0t;4;0l;1;0o;0;0a;1;0f;0;1b;0
4) 0;c;1;P;c;8;u;000000FF;h;0;b;1;f;0;0o;0;0a;1;0f;0;1b;0

» Settings «
Sensitivity: 0.19 1600dpi
Resolution: 1920x1080
Graphics: Material Quality on Medium, everything else on Low.
                  Anti-Aliasing 2x, Anisotropic Filtering 4x, Bloom On",valorant|valorant highlights|valorant montage|valorant moments|valorant pro|valorant best moments|valorant gameplay|valorant clips|valorant tips|valorant speedrun|valorant funny moments|valorant radiant|root valorant|valorant funny|radiant valorant|otv valorant|valorant edits|valorant fails|vandal valorant|csgo or valorant|valorant gun game|dreamsmp valorant|valorant headshots|valorant tutorials|offlinetv valorant|iitztimmy valorant,20,572156,9624,263,481,hd,false,2026-05-12T16:07:28.959455,valorant,70500,8.115572828754201,viral
9W_LQOKeQKE,I Peaked In High Elo Ranked..,UCKeVxi9ezkyp3mbuHjR4KSw,Narwax,2026-04-12T09:10:54Z,"""I Peaked In High Elo Ranked..""

» Crosshairs «
1) 0;c;1;P;u;000000FF;h;0;f;0;0l;3;0v;3;0o;0;0a;1;0f;0;1b;0
2) 0;c;1;P;c;1;u;000000FF;h;0;f;0;0l;3;0v;3;0o;0;0a;1;0f;0;1b;0
3) 0;c;1;P;u;000000FF;o;0.475;f;0;0t;1;0l;2;0v;2;0g;1;0o;1;0a;1;0f;0;1b;0
4) 0;p;0;c;1;P;c;1;u;000000FF;f;0;0t;1;0l;3;0v;2;0g;1;0o;2;0a;1;0f;0;1b;0

» Settings «
Sensitivity: 0.15 1600dpi
Resolution: 1440x1080 / 1920x1080
Graphics: Material Quality on Medium, everything else on Low.
                  Anti-Aliasing 2x, Anisotro",valorant|valorant highlights|valorant montage|valorant moments|valorant pro|valorant best moments|valorant gameplay|valorant clips|valorant tips|valorant speedrun|valorant funny moments|valorant radiant|root valorant|valorant funny|radiant valorant|otv valorant|valorant edits|valorant fails|vandal valorant|csgo or valorant|valorant gun game|dreamsmp valorant|valorant headshots|valorant tutorials|offlinetv valorant|iitztimmy valorant,20,33574,1009,52,520,hd,false,2026-05-12T16:07:29.553836,valorant,70500,0.4762201954582205,mid
mGMjmmjojBA,"What 10,000 hours of Omen Looks Like...",UCQEBCe4avav7yb9TOypMThg,Doctor Freeze,2025-03-24T20:40:31Z,"What 10,000 hours of Omen Looks Like...

Twitch: twitch.tv/doctorfreeze_
Twitter: twitter.com/_Doctor_Freeze_
Discord: https://discord.gg/uMyqju8Mb7

Using Omens Teleport Ability in VALORANT is one of the hardest things to pull of well, Using a good combo of his flash + teleporting will always give you the best results, In this video i focus on the new omen tech with the teleport, it allows you to do a fake teleport and catch the other team by surprise

sens: 0.23 // dpi: 400
res: 1920x1080

SON",Confusing Streamers With The Omen Clone|valorant|averagejonas|tenz|sova vct|vct|new agent valorant|new agent clovr|new|new agent clove|clove valorant|clove val|clove abilities|clove tips and tricks|how to play clove|clove broken|new agent broken|clove overhal|clove overheal|clover valorant|close valorant|agent clover valorant|abilities clove|clove ult|clove to immortal|Streamers HATE This Broken Omen Teleport...|Omen Can Now Silent Teleport,20,266577,6687,221,545,hd,false,2026-05-12T16:07:28.959455,valorant,128000,2.082616542058265,mid
VNopUXkBXkQ,18 Minutes of PERFECT RADIANT Gameplay...,UCdlvbGGgwfF97wlH7rC8Qng,VALORANT - Protatomonster,2026-04-02T11:00:46Z,"18 Minutes of PERFECT RADIANT Gameplay... - VALORANT Perfect Aim, Pro Player Reaction Time, 1v5 Clutch Plays and Best Ultra Instinct Moments in a VALORANT Montage / Compilation #radiant

Please Subscribe for more high quality VALORANT videos!
🔶Subscribe: https://www.youtube.com/channel/UCdlvbGGgwfF97wlH7rC8Qng?sub_confirmation=1
🔶Join our Discord Community: https://discord.com/invite/protatomonster
🔶Submit your Best Funny Moments, Fails or Highlights to us: https://submit.protatomonster.com/valo",VALORANT|Valorant Moments|Valorant Montage|Valorant Best Moments|Valorant Highlights|Best Valorant Plays|Valorant Radiant|Valorant Radiant Rank|Valorant Radiant Players|Valorant Radiant Aim|Valorant Radiant Moments|Valorant Radiant Montage|Radiant Valorant|Valorant Pro|Valorant Pro Player|Valorant Immortal|Valorant Radiant Highlights|Valorant Reflexes|Valorant Reaction Time|Valorant Perfect Timing|Radiant Instincts|Ascendant|Immortal|200 IQ|ISO|Radiant,20,25443,395,4,1136,hd,false,2026-05-12T16:07:28.371653,valorant,869000,0.029278447320543934,non_viral
441tMwoFSeE,Radiant Iso Guide (Valorant Tips),UCZcbsHodaVfXC08LkGJXXCQ,Jaeky,2025-05-28T05:38:37Z,"Socials: https://linktr.ee/jaeky

Aim Training Routine: https://youtu.be/hWIlT2SrCgA?si=i-c39giCfwGAuhnr
Radiant Movement Guide: https://youtu.be/dp7Ew10FL18?si=lMWdIOlceWYC38lj
Guide to Crosshair Placement: https://youtu.be/QCYpptNJud4?si=7-Thp2rvoh9KyTuh
How to Aim Train CORRECTLY: https://youtu.be/HqKf-oRMcCE?si=vuQy1-21Pr91IISO
Warm Up Routine: https://youtu.be/37L_QGodM8w?si=JLtK9uvIQi50nqtS",jaeky|valorant|valorant iso|iso valorant|valorant iso guide|valorant tips|valorant guide|iso|iso guide|valorant tips and tricks|valorant iso tips|valorant highlights|iso guide valorant|valorant iso gameplay|valorant montage|iso valorant tips|valorant iso tricks|pro guides valorant|valorant gameplay|iso valorant guide|valorant tricks|valorant new agent|valorant iso tips and tricks|proguides valorant|valorant moments|valorant guide iso,20,43052,1425,39,779,hd,false,2026-05-12T16:07:29.553836,valorant,108000,0.3986259386487162,mid
PRCYWVYhJmM,50 Most SATSIFYING Valorant Moments,UCdlvbGGgwfF97wlH7rC8Qng,VALORANT - Protatomonster,2026-04-28T11:00:44Z,"50 Most SATSIFYING Valorant Moments  - Best Collaterals, Combos, Satisfying Ults, 200 IQ Ability Tricks and Teamwork Synergy Moments in a Valorant Montage 

Other Channels:
🔶League of Legends: https://www.youtube.com/protatomonster
🔶CS2: https://www.youtube.com/@CS2Protatomonster

Please Subscribe for more high quality VALORANT videos!
🔶Subscribe: https://www.youtube.com/channel/UCdlvbGGgwfF97wlH7rC8Qng?sub_confirmation=1
🔶Join our Discord Community: https://discord.com/invite/protatomonster
🔶Su",VALORANT|Valorant Moments|Valorant Montage|Valorant Highlights|Valorant Best Moments|Best Valorant Plays|THE POWER OF PERFECT ULTIMATES|Valorant Ultimates|Valorant Ult|Valorant Wombo Combo|Valorant Combos|Valorant Tricks|Valorant Pro|200 IQ Valorant|Creative VALORANT Plays|Valorant Ultimate Montage|Valorant Ult Montage|Valorant 5 Man Ult|Valorant Satisfying Ult|Valorant Ult Compilation|Brimstone Ultimate|ISO|Satisfying|Collat|Collateral|headshots|ultra,20,31931,513,9,951,hd,false,2026-05-12T16:07:28.371653,valorant,869000,0.036744491663415806,non_viral
6GHKIFrVqGg,FUNNIEST MOMENTS IN VALORANT #290,UCdlvbGGgwfF97wlH7rC8Qng,VALORANT - Protatomonster,2026-05-01T11:00:11Z,"FUNNIEST MOMENTS IN VALORANT #290... #funny #Fails , Iron Plays and Best Voice Chat Moments on PS5, Xbox, and Mobile Console in a #valorant  Montage / Compilation 

Please Subscribe for more high quality VALORANT videos!
🔶Subscribe: https://www.youtube.com/channel/UCdlvbGGgwfF97wlH7rC8Qng?sub_confirmation=1
🔶Join our Discord Community: https://discord.com/invite/protatomonster
🔶Submit your Best Funny Moments, Fails or Highlights to us: https://submit.protatomonster.com/valorant
🔶Record your Mome",VALORANT|Valorant Funny Moments|Valorant Funny Fails|Valorant Funny Voice Chat|Valorant Moments|Valorant Montage|Valorant Compilation|Valorant Best Moments|Valorant Highlights|Valorant Funny|Valorant Funny Plays|Valorant Fails|Valorant Fail Moments|Valorant Funniest Moments|Funny Valorant Moments|Funny Valorant|Funny Valorant Clips|FUNNIEST MOMENTS IN VALORANT|Valorant Iron|Valorant Iron Moments|Valorant Iron Montage|Iron|Bronze|Console|PS5|Xbox|MObile,20,38963,664,24,899,hd,false,2026-05-12T16:07:28.959455,valorant,869000,0.044836542190400244,non_viral
b1X3YuT_ruk,Why You Suck at Peeking (and how to fix it),UCv1zbx03PIvqG8cHNpWWWUw,Konpeki,2026-03-29T15:00:00Z,"✍️Apply for the Immortal Roadmap Program — 5 DIVISIONS IN 10 WEEKS GUARANTEED:  https://rm.irp.gg/peeks-fix-irp 

Ever wonder why you're getting instantly tapped in Valorant? Our Radiant Coach Cell breaks down common mistakes with peeking and offers solutions to improve your peeks, win more gunfights, survive longer, and rank up. Welcome to a fresh new peeking guide.",konpeki|konpeki coach|konpeki guide|konpeki coaching|konpeki valorant|valorant coaching|how to improve in valorant|valorant guide konpeki|valorant guide|valorant coaching konpeki|how to climb in valorant|valorant tips|how to rank up in valorant|how to get better at valorant|valorant|valorant tips and tricks|konpeki peeking guide|valorant peeks|how to peek in valorant|peeking guide valorant|how to peek angles in valorant|valorant movement guide,20,125118,3790,76,810,hd,false,2026-05-12T16:07:30.141216,valorant,297000,0.42127130885081193,mid
AcrY3p4mncw,I Stopped Insta-Locking Duelists for 7 Days,UCIfeB6kJ4Yl3CLjFWFi_ZYA,kizati,2026-03-07T23:30:06Z,"#gaming #valorant  
I'm usually a insta-lock reyna player.. but for the next 7 days I forced myself to fill for my team in ranked. Let's see what happens.

Socials:
twitch: https://www.twitch.tv/kizati
twitter: https://x.com/kizatiX
Join the community discord: https://discord.gg/Aa54KMmU4G

🔥 Become a member and support kizati for as little as $2.99 ➡ https://www.youtube.com/channel/UCIfeB6kJ4Yl3CLjFWFi_ZYA/join

Sens: 0.29 800dpi
Crosshair code: 0;P;h;0;f;0;0l;5;0o;0;0a;1;0f;0;1b;0

  Music cre",valorant|valorant rank up|valorant highlights|valorant moments|valorant radiant|valorant best moments|valorant ranked|valorant ranks|valorant montage|how to rank up valorant|radiant valorant|valorant clips|valorant gameplay|valorant tips|valorant funny|valorant placement rank|valorant beginners|tarik valorant|kizati,20,151134,2823,77,1035,hd,false,2026-05-12T16:07:28.371653,valorant,19900,7.594291744133461,viral
k6YT0G4FK78,TenZ PLAYING JETT IS SUPER BROKEN !!! ft temet,UCckPYr9b_iVucz8ID1Q67sw,TenZ,2026-04-15T11:00:00Z,"More TenZ gameplay on Jett in radiant ranked... And this is still very very impressive!

Check out Secretlab's website: https://secretlab.co/valorant?rfsn=6200267.5f556a&&utm_source=tenz&utm_medium=youtubedesc
My Wooting keyboard is available for sales NOW: http://link.wooting.io/tenz_yt
Get your TenZ mouse on https://www.pulsar.gg/pages/tenz

--------------------------------------------

Thank you for watching! If you enjoyed the content, be sure to hit that subscribe button. 
Check out my soci",valorant|tenz|valorant fragmovie|sentinels|sen|sentinels valorant|sen tenz radiant|tenz vs radiant|tenz immortal|TenZ valorant|valorant radiant|valorant best player|tenz kyedae|kyedae|valorant highlights|valorant best moments|tenz cs2|tenz highlights|tenz settings|tenz sensitivity valorant|tezn sensitivity|tenz and kyedae,20,220227,6735,151,729,hd,false,2026-05-12T16:07:28.371653,valorant,2740000,0.08037478818438387,non_viral
IJdbjEi4OvQ,Holo Meridian Bundle ASMR,UCKeVxi9ezkyp3mbuHjR4KSw,Narwax,2026-04-16T06:29:35Z,"showcasing the new bundle, clips
are from unrated

» Crosshairs «
1) 0;c;1;P;o;1;d;1;f;0;0t;0;0l;0;0v;0;0o;20;0a;0.0;0f;0;1b;0
2) 0;c;1;P;u;000000FF;h;0;f;0;0l;3;0v;3;0o;0;0a;1;0f;0;1b;0

» Settings «
Sensitivity: 0.15 1600dpi
Resolution: 1440x1080 / 1920x1080
Graphics: Material Quality on Medium, everything else on Low.
                  Anti-Aliasing 2x, Anisotropic Filtering 4x, Bloom On

» Background Music «
1) Rawzu - Supernova
2) Rawzu - Red Sun

» Timestamps «
0:00 Intro
0:15 Game 1
2:28 ",valorant|valorant highlights|valorant montage|valorant moments|valorant pro|valorant best moments|valorant gameplay|valorant clips|valorant tips|valorant speedrun|valorant funny moments|valorant radiant|root valorant|valorant funny|radiant valorant|otv valorant|valorant edits|valorant fails|vandal valorant|csgo or valorant|valorant gun game|dreamsmp valorant|valorant headshots|valorant tutorials|offlinetv valorant|iitztimmy valorant,20,68304,1503,67,481,hd,false,2026-05-12T16:07:29.553836,valorant,70500,0.9688373214564332,mid
v2uMRyYZJ3Q,365 Days of Satisfying Aim..,UCKeVxi9ezkyp3mbuHjR4KSw,Narwax,2025-01-01T08:52:20Z,"""365 Days of Satisfying Aim..""

» Crosshairs «
1) 0;c;1;P;u;000000FF;h;0;f;0;0l;4;0v;4;0o;0;0a;1;0f;0;1b;0
2) 0;c;1;P;c;5;u;000000FF;h;0;f;0;0t;1;0l;3;0o;1;0a;1;0f;0;1b;0
3) 0;c;1;P;u;000000FF;h;0;f;0;0l;4;0v;4;0o;2;0a;1;0f;0;1b;0
4) 0;c;1;P;c;8;u;000000FF;h;0;b;1;f;0;0t;3;0l;3;0v;5;0o;1;0a;1;0f;0;1b;0
5) 0;c;1;P;c;5;u;000000FF;h;0;f;0;0l;4;0v;4;0o;2;0a;1;0f;0;1b;0
6) 0;c;1;P;o;0.358;f;0;0l;3;0o;2;0a;0.937;0f;0;1b;0
7) 0;c;1;P;o;1;d;1;f;0;0t;0;0l;0;0o;20;0a;0;0f;0;1b;0
8) 0;c;1;P;o;0.292;f;0;0l;",valorant|valorant highlights|valorant montage|valorant moments|valorant pro|valorant best moments|valorant gameplay|valorant clips|valorant tips|valorant speedrun|valorant funny moments|valorant radiant|root valorant|valorant funny|radiant valorant|otv valorant|valorant edits|valorant fails|vandal valorant|csgo or valorant|valorant gun game|dreamsmp valorant|valorant headshots|valorant tutorials|offlinetv valorant|iitztimmy valorant,20,537512,7576,203,900,hd,false,2026-05-12T16:07:28.964034,valorant,70500,7.624175543609311,viral
UKJeCLrLEKg,I Hit Radiant with New Neon Tech!,UC6kzCmAD7A4xB-d4OeKMF1A,temet,2026-02-28T13:00:51Z,"I Hit Radiant with New Neon Tech. My main agent on Valorant is Neon. I like to jump around and be as flashy as possible. I like trying to find new fun/cool ways to go for plays with neon. I find it very exciting to try and hit insane clips. If you enjoyed this video be sure to subscribe and like ♡

(WATCH ME LIVE!) Twitch ▶ https://www.twitch.tv/temet 
Merch ▶ https://temet.store
Discord ▶ https://discord.gg/temet

Business Inquires: business@temets.com
Twitter ▶ https://twitter.com/temets
Tikto",temet|valorant|valorant montage|montage|montage valorant|valorant montages|valorant edit|valorant montage edit|valorant highlights montage|val|temet valorant montage|valorant moments|valorant highlights|valorant best moments|neon movement|neon montage|pro neon|radiant neon main|neon main|neon gameplay|I Hit Radiant with New Neon Tech,20,219776,6961,235,1061,hd,false,2026-05-12T16:07:28.959455,valorant,400000,0.549438626403434,mid
QQYKN5MWFyU,Valorant & Chill😴 Keyboard ASMR 390Hz Gameplay #28,UC9A2LGWV1I5RtrVceLbTt2A,Vainsz,2022-09-20T16:22:38Z,"Current Rank: Immortal 2
Valorant sens: 0.23 dpi 800
Crosshair: Inner 1-1-4-0

✉️Socials
🔹️Twitch : https://www.twitch.tv/vainsz_
🔹️Instagram : https://www.instagram.com/vainsz_/
🔹️TikTok : https://www.tiktok.com/@not_vainsz?la...
🔹️Twitter : https://twitter.com/VainszKeyboard
🔹️Discord : https://discord.gg/SsPW4ZZHst
🔹️(Business inquiries) : vainszbusiness33@gmail.com
🔹️Creator code 'Vainsz' (epicpartner)

🎶 Provided by Lofi Girl
🎵 Yasumu - Escaping Reality
🎵Watch: https://youtu.be/zuvyVD0jtA8
",valorant|keyboard|asmr|390hz|champions2022|phantom champions,20,203449,5091,125,495,hd,false,2026-05-12T16:07:28.371653,valorant,815000,0.24963036855169504,non_viral
GlW8KmJaRvk,Immortal Goes Undercover In IRON Lobby (Valorant),UC5Gmxh_XAmHvHOFW7T5FwrA,Kevvv FPS,2024-10-07T04:30:13Z,"Valorant Iron Lobby Funny moments
Immortal goes undercover Iron Valorant...

#valorant  #valorantindia #valorantfunny 

Make sure to Subscribe if you like the content you're watching!

Join our epic Discord Community -    https://discord.com/invite/kevvv-fps-1043191096521543781 
Instagram - https://www.instagram.com/kevvv_fps/

Your opinions are always appreciated, make sure to drop them in the comments!",Valorant Iron player|iron plays|iron lobby experience|valorant iron lobby|valorant iron experience|undercover in iron|immortal goes in iron|kevv iron|binks|harsh khelray,20,142561,5962,261,495,hd,false,2026-05-12T16:07:29.553836,valorant,50800,2.8062636562272396,mid
ciJomoDnNAY,New Act Rank Resets are Insane...,UC7G9LcjmRJdEMDS-je-2t_w,Kaemi,2026-04-29T12:01:16Z,"Watch Me Live Twitch: https://www.twitch.tv/kaemii
Twitter: https://twitter.com/kaemiii_
TikTok: https://www.tiktok.com/@kaemiii_?lang...​
Instagram: https://www.instagram.com/kaemiii_/
Discord: https://discord.gg/ZAVCQK4ukZ

Sens: 0.485 800dpi
New Act Rank Resets are Insane...",valorant|radiant|immortal|diamond|valorant plays|valorant highlights|valorant montage|how to rank up|outplay|how to|gameplay|ranked|valorant tricks|valorant tips|valorant best plays|radiant plays|valorant funniest|korean jett|jett dash|sage boost|climbing|plays|valorant india|kaemi|marshal|marshal jett|marshal only|tenz|valorant moments|kaemiii|guide|jett|valorant jett|climb|throwing|how to know|ascendant|nightmarket|skins|bundle|singularity bundle|2.0|EXO,20,121708,2966,81,517,hd,false,2026-05-12T16:07:30.141216,valorant,799000,0.15232521611362188,non_viral
4_fDKEmJx_o,VALORANT But Only CALM Radiant Aim...,UCdlvbGGgwfF97wlH7rC8Qng,VALORANT - Protatomonster,2025-09-22T11:00:11Z,"VALORANT But Only CALM Radiant Aim... - VALORANT Perfect Aim, Pro Player Reaction Time, 1v5 Clutch Plays and Best Ultra Instinct Moments in a VALORANT Montage / Compilation #radiant

Please Subscribe for more high quality VALORANT videos!
🔶Subscribe: https://www.youtube.com/channel/UCdlvbGGgwfF97wlH7rC8Qng?sub_confirmation=1
🔶Join our Discord Community: https://discord.com/invite/protatomonster
🔶Submit your Best Funny Moments, Fails or Highlights to us: https://submit.protatomonster.com/valorant",VALORANT|Valorant Moments|Valorant Montage|Valorant Best Moments|Valorant Highlights|Best Valorant Plays|Valorant Radiant|Valorant Radiant Rank|Valorant Radiant Players|Valorant Radiant Aim|Valorant Radiant Moments|Valorant Radiant Montage|Radiant Valorant|Valorant Pro|Valorant Pro Player|Valorant Immortal|Valorant Radiant Highlights|Valorant Reflexes|Valorant Reaction Time|Valorant Perfect Timing|Radiant Instincts|Ascendant|Immortal|200 IQ|ISO|Radiant,20,44922,663,28,1161,hd,false,2026-05-12T16:07:28.959455,valorant,869000,0.051693841549089126,non_viral
nCKmGW3vYa8,28 Things In Valorant YOU DON'T REMEMBER,UCudfe45r4oSKslaKvMhtQoQ,Vile,2023-01-26T15:48:37Z,"🔹 Our Twitter: https://twitter.com/VileValorantyt

thumbnail credits - https://www.youtube.com/watch?v=BmLkON_L6Ug

Business email : slayaaval@gmail.com
----------------------------------------------------------------------------------- 

#valorant  #vile",Valorant|valorant clips|50 things about valorant|things about valorant|valorant unnecessary|valorant early concept art|25 valorant tips and tricks|valorant mythbuster|valorant things you didn't know|things you didn't know about valorant|25 valorant tips|useless valorant information|25 facts valorant|valorant new agent|25 valorant things|valorant tips and tricks|valorant top 25|valorant things to do|valorant new map|useless valorant facts|valorant history,20,1597933,37721,712,485,hd,false,2026-05-12T16:07:29.553836,valorant,19500,81.94107994461822,viral
